{
  "manifest": {
    "publishingInformation": {
      "locales": {
        "en-US": {
          "summary": "fun facts",
          "examplePhrases": [
            "Alexa, open datos curiosos",
            "tell me a space fact",
            "help"
          ],
          "keywords": [
            "space"
          ],
          "name": "DatosCuriosos",
          "description": "gives you data about space",
          "smallIconUri": "file://assets/images/en-US_smallIconUri.png",
          "updatesDescription": "curious facts about space",
          "largeIconUri": "file://assets/images/en-US_largeIconUri.png"
        },
        "en-GB": {
          "summary": "fun facts",
          "examplePhrases": [
            "Alexa, open datos curiosos",
            "tell me a space fact",
            "help"
          ],
          "keywords": [
            "space"
          ],
          "name": "DatosCuriosos",
          "description": "gives you data about space",
          "smallIconUri": "file://assets/images/en-GB_smallIconUri.png",
          "updatesDescription": "curious facts about space",
          "largeIconUri": "file://assets/images/en-GB_largeIconUri.png"
        },
        "es-MX": {
          "summary": "datos curiosos",
          "examplePhrases": [
            "Alexa, datos curiosos"
          ],
          "keywords": [
            "espacio"
          ],
          "name": "DatosCuriosos",
          "description": "te da datos sobre el espacio",
          "smallIconUri": "file://assets/images/es-MX_smallIconUri.png",
          "updatesDescription": "datos curiosos sobre el espacio",
          "largeIconUri": "file://assets/images/es-MX_largeIconUri.png"
        }
      },
      "automaticDistribution": {
        "isActive": false
      },
      "isAvailableWorldwide": true,
      "testingInstructions": "{\"ask_dist_username\":\"\",\"ask_dist_password\":\"\",\"ask_dist_testing_instructions\":\"Sample Testing Instructions.\"}",
      "category": "CHILDRENS_SCIENCE",
      "distributionMode": "PUBLIC",
      "automaticClonedLocale": {
        "locales": [
          {
            "source": "en-US",
            "targets": [
              "en-GB"
            ]
          }
        ]
      },
      "distributionCountries": []
    },
    "apis": {
      "custom": {
        "endpoint": {
          "uri": "arn:aws:lambda:us-east-1:905418406238:function:ba5e985c-6665-4e1f-9843-9482173214e8:Release_0"
        },
        "interfaces": [],
        "locales": {},
        "regions": {
          "EU": {
            "endpoint": {
              "uri": "arn:aws:lambda:eu-west-1:905418406238:function:ba5e985c-6665-4e1f-9843-9482173214e8:Release_0"
            }
          },
          "NA": {
            "endpoint": {
              "uri": "arn:aws:lambda:us-east-1:905418406238:function:ba5e985c-6665-4e1f-9843-9482173214e8:Release_0"
            }
          },
          "FE": {
            "endpoint": {
              "uri": "arn:aws:lambda:us-west-2:905418406238:function:ba5e985c-6665-4e1f-9843-9482173214e8:Release_0"
            }
          }
        }
      }
    },
    "manifestVersion": "1.0",
    "privacyAndCompliance": {
      "allowsPurchases": false,
      "locales": {
        "en-US": {
          "termsOfUseUrl": "https://developer.amazon.com/es/support/legal/tou",
          "privacyPolicyUrl": "https://developer.amazon.com/es/support/legal/da"
        },
        "es-MX": {
          "termsOfUseUrl": "https://developer.amazon.com/es/support/legal/tou",
          "privacyPolicyUrl": "https://developer.amazon.com/es/support/legal/da"
        },
        "en-GB": {
          "termsOfUseUrl": "https://developer.amazon.com/es/support/legal/tou",
          "privacyPolicyUrl": "https://developer.amazon.com/es/support/legal/da"
        }
      },
      "containsAds": false,
      "isExportCompliant": true,
      "isChildDirected": true,
      "shoppingKit": {
        "isShoppingActionsEnabled": false,
        "isAmazonAssociatesOnAlexaEnabled": false
      },
      "usesPersonalInfo": false
    }
  }
}